
Log Messages :

ProcessorCheck ... ,05/26/11,15:50:50
Intel CPU found ... OK
,05/26/11,15:50:50
OS Check ... ,05/26/11,15:50:50
Windows95/98 found ... OK
,05/26/11,15:50:50
Checking available memory ... ,05/26/11,15:50:50
memory usage: 54 percent
,05/26/11,15:50:50
2146689024 total bytes of physical memory.
,05/26/11,15:50:50
927 free Mbytes of physical memory.
,05/26/11,15:50:50
4094 total Mbytes of paging file.
,05/26/11,15:50:50
2761 free Mbytes of paging file.
,05/26/11,15:50:50
2047 total Mbytes of virtual memory.
,05/26/11,15:50:50
2003 free Mbytes of virtual memory.
,05/26/11,15:50:50
Memory check successful!
,05/26/11,15:50:50
DirectX version is 4.9.0.904 ... ,05/26/11,15:50:50
OK !
,05/26/11,15:50:50
